<?xml version="1.0"?><x:xmpmeta xmlns:x="adobe:ns:meta/" x:xmptk="Adobe XMP Core 6.2.8"><rdf:RDF xmlns:rdf="http://www.w3.org/1999/02/22-rdf-syntax-ns#"><rdf:Description rdf:about="" xmlns:dam="http://www.day.com/dam/1.0" xmlns:dc="http://purl.org/dc/elements/1.1/" xmlns:tiff="http://ns.adobe.com/tiff/1.0/" dam:size="176566" dam:sha1="ec217f757b484a5da3d53cf2362916f9ad089588" dc:format="image/webp"><tiff:ImageWidth>1300</tiff:ImageWidth><tiff:ImageLength>658</tiff:ImageLength></rdf:Description></rdf:RDF></x:xmpmeta>