{"colorTags":{"Dark_Brown":{"coverage":0.0812,"rgb":{"blue":17,"green":46,"red":80}},"Gold":{"coverage":0.07,"rgb":{"blue":41,"green":186,"red":227}},"Mustard":{"coverage":0.14,"rgb":{"blue":90,"green":192,"red":228}},"Brown":{"coverage":0.0698,"rgb":{"blue":37,"green":99,"red":162}},"Mud_Green":{"coverage":0.1378,"rgb":{"blue":19,"green":64,"red":64}},"Olive":{"coverage":0.1081,"rgb":{"blue":106,"green":169,"red":175}},"Cream":{"coverage":0.0771,"rgb":{"blue":162,"green":221,"red":237}},"Orange":{"coverage":0.0994,"rgb":{"blue":82,"green":148,"red":222}},"Tan":{"coverage":0.1434,"rgb":{"blue":34,"green":134,"red":176}},"Khaki":{"coverage":0.0732,"rgb":{"blue":43,"green":153,"red":209}}}}
